<?xml version="1.0" encoding="UTF-8"?>
<configurationDescriptor version="62">
  <logicalFolder name="root" displayName="root" projectFiles="true">
    <logicalFolder name="HeaderFiles"
                   displayName="Header Files"
                   projectFiles="true">
      <itemPath>../hid.h</itemPath>
      <itemPath>../io_cfg.h</itemPath>
      <itemPath>../typedefs.h</itemPath>
      <itemPath>../usb9.h</itemPath>
      <itemPath>../usb.h</itemPath>
      <itemPath>../usbcfg.h</itemPath>
      <itemPath>../usbctrltrf.h</itemPath>
      <itemPath>../usbdefs_ep0_buff.h</itemPath>
      <itemPath>../usbdefs_std_dsc.h</itemPath>
      <itemPath>../usbdrv.h</itemPath>
      <itemPath>../usbdsc.h</itemPath>
      <itemPath>../usbmmap.h</itemPath>
      <itemPath>../BootPIC18NonJ.h</itemPath>
    </logicalFolder>
    <logicalFolder name="LibraryFiles"
                   displayName="Library Files"
                   projectFiles="true">
    </logicalFolder>
    <logicalFolder name="LinkerScript"
                   displayName="Linker Files"
                   projectFiles="true">
      <itemPath>../BootModified.18f14k50_g.lkr</itemPath>
      <itemPath>../BootModified.18f4550_g.lkr</itemPath>
      <itemPath>../BootModified.18f45k50_g.lkr</itemPath>
    </logicalFolder>
    <logicalFolder name="ObjectFiles"
                   displayName="Object Files"
                   projectFiles="true">
    </logicalFolder>
    <logicalFolder name="SourceFiles"
                   displayName="Source Files"
                   projectFiles="true">
      <itemPath>../hid.c</itemPath>
      <itemPath>../main.c</itemPath>
      <itemPath>../usb9.c</itemPath>
      <itemPath>../usbctrltrf.c</itemPath>
      <itemPath>../usbdrv.c</itemPath>
      <itemPath>../usbdsc.c</itemPath>
      <itemPath>../usbmmap.c</itemPath>
      <itemPath>../BootPIC18NonJ.c</itemPath>
    </logicalFolder>
    <logicalFolder name="ExternalFiles"
                   displayName="Important Files"
                   projectFiles="false">
      <itemPath>Makefile</itemPath>
    </logicalFolder>
  </logicalFolder>
  <sourceRootList>
    <Elem>../</Elem>
  </sourceRootList>
  <projectmakefile>Makefile</projectmakefile>
  <confs>
    <conf name="PIC18F14K50" type="2">
      <toolsSet>
        <developmentServer>localhost</developmentServer>
        <targetDevice>PIC18F14K50</targetDevice>
        <targetHeader></targetHeader>
        <targetPluginBoard></targetPluginBoard>
        <platformTool>ICD3PlatformTool</platformTool>
        <languageToolchain>C18</languageToolchain>
        <languageToolchainVersion>3.46</languageToolchainVersion>
        <platform>3</platform>
      </toolsSet>
      <compileType>
        <linkerTool>
          <linkerLibItems>
          </linkerLibItems>
        </linkerTool>
        <loading>
          <useAlternateLoadableFile>false</useAlternateLoadableFile>
          <alternateLoadableFile></alternateLoadableFile>
        </loading>
      </compileType>
      <makeCustomizationType>
        <makeCustomizationPreStepEnabled>false</makeCustomizationPreStepEnabled>
        <makeCustomizationPreStep></makeCustomizationPreStep>
        <makeCustomizationPostStepEnabled>false</makeCustomizationPostStepEnabled>
        <makeCustomizationPostStep></makeCustomizationPostStep>
        <makeCustomizationPutChecksumInUserID>false</makeCustomizationPutChecksumInUserID>
        <makeCustomizationEnableLongLines>false</makeCustomizationEnableLongLines>
        <makeCustomizationNormalizeHexFile>false</makeCustomizationNormalizeHexFile>
      </makeCustomizationType>
      <item path="../BootModified.18f4550_g.lkr" ex="true" overriding="false">
        <C18>
        </C18>
        <C18-AS>
        </C18-AS>
        <C18-LD>
        </C18-LD>
        <C18LanguageToolchain>
        </C18LanguageToolchain>
      </item>
      <item path="../BootModified.18f45k50_g.lkr" ex="true" overriding="false">
        <C18>
        </C18>
        <C18-AS>
        </C18-AS>
        <C18-LD>
        </C18-LD>
        <C18LanguageToolchain>
        </C18LanguageToolchain>
      </item>
      <C18>
        <property key="code-model" value="ms"/>
        <property key="data-model" value="oa-"/>
        <property key="default-char-unsigned" value="false"/>
        <property key="enable-all-optimizations" value="true"/>
        <property key="enable-int-promotion" value="false"/>
        <property key="enable-multi-bank-stack-model" value="false"/>
        <property key="enable-ob" value="true"/>
        <property key="enable-od" value="true"/>
        <property key="enable-om" value="true"/>
        <property key="enable-on" value="true"/>
        <property key="enable-op" value="true"/>
        <property key="enable-opa" value="true"/>
        <property key="enable-or" value="true"/>
        <property key="enable-os" value="true"/>
        <property key="enable-ot" value="true"/>
        <property key="enable-ou" value="true"/>
        <property key="enable-ow" value="true"/>
        <property key="extra-include-directories"
                  value="../../../../../../../../../MCC18/h;.."/>
        <property key="optimization-master" value="Custom"/>
        <property key="preprocessor-macros" value=""/>
        <property key="procedural-abstraction-passes" value="4"/>
        <property key="storage-class" value="scs"/>
        <property key="verbose" value="false"/>
        <property key="warning-level" value="2"/>
      </C18>
      <C18-AS>
        <property key="cross.reference.file" value=""/>
        <property key="default.radix" value="HEX"/>
        <property key="enable.case.sensitivity" value="true"/>
        <property key="hex.output.format" value="INHX32"/>
        <property key="preprocessor.macros" value=""/>
        <property key="warning.level" value="0"/>
        <appendMe value=" "/>
      </C18-AS>
      <C18-LD>
        <property key="cod-file" value="true"/>
        <property key="extra-lib-directories"
                  value="../../../../../../../../../MCC18/lib"/>
        <property key="hex-output-format" value="INHX32"/>
        <property key="map-file" value="&quot;$(BINDIR_)$(TARGETBASE).map&quot;"/>
      </C18-LD>
      <C18LanguageToolchain>
        <property key="extended-mode" value="false"/>
        <property key="extended-mode-mcc18" value="false"/>
        <property key="extended-mode-mpasm" value="false"/>
        <property key="extended-mode-mplink" value="false"/>
        <property key="stack-analysis" value="false"/>
        <property key="stack-analysis-mcc18" value="false"/>
        <property key="stack-analysis-mplink" value="false"/>
      </C18LanguageToolchain>
      <ICD3PlatformTool>
        <property key="tracecontrol.disablemacros" value="true"/>
        <property key="tracecontrol.medium" value="0"/>
        <property key="tracecontrol.select" value="0"/>
      </ICD3PlatformTool>
    </conf>
    <conf name="PIC18F4550" type="2">
      <toolsSet>
        <developmentServer>localhost</developmentServer>
        <targetDevice>PIC18F4550</targetDevice>
        <targetHeader></targetHeader>
        <targetPluginBoard></targetPluginBoard>
        <platformTool>ICD3PlatformTool</platformTool>
        <languageToolchain>C18</languageToolchain>
        <languageToolchainVersion>3.46</languageToolchainVersion>
        <platform>3</platform>
      </toolsSet>
      <compileType>
        <linkerTool>
          <linkerLibItems>
          </linkerLibItems>
        </linkerTool>
        <loading>
          <useAlternateLoadableFile>false</useAlternateLoadableFile>
          <alternateLoadableFile></alternateLoadableFile>
        </loading>
      </compileType>
      <makeCustomizationType>
        <makeCustomizationPreStepEnabled>false</makeCustomizationPreStepEnabled>
        <makeCustomizationPreStep></makeCustomizationPreStep>
        <makeCustomizationPostStepEnabled>false</makeCustomizationPostStepEnabled>
        <makeCustomizationPostStep></makeCustomizationPostStep>
        <makeCustomizationPutChecksumInUserID>false</makeCustomizationPutChecksumInUserID>
        <makeCustomizationEnableLongLines>false</makeCustomizationEnableLongLines>
        <makeCustomizationNormalizeHexFile>false</makeCustomizationNormalizeHexFile>
      </makeCustomizationType>
      <item path="../BootModified.18f14k50_g.lkr" ex="true" overriding="false">
        <C18>
        </C18>
        <C18-AS>
        </C18-AS>
        <C18-LD>
        </C18-LD>
        <C18LanguageToolchain>
        </C18LanguageToolchain>
      </item>
      <item path="../BootModified.18f45k50_g.lkr" ex="true" overriding="false">
        <C18>
        </C18>
        <C18-AS>
        </C18-AS>
        <C18-LD>
        </C18-LD>
        <C18LanguageToolchain>
        </C18LanguageToolchain>
      </item>
      <C18>
        <property key="code-model" value="ms"/>
        <property key="data-model" value="oa-"/>
        <property key="default-char-unsigned" value="false"/>
        <property key="enable-all-optimizations" value="true"/>
        <property key="enable-int-promotion" value="false"/>
        <property key="enable-multi-bank-stack-model" value="false"/>
        <property key="enable-ob" value="true"/>
        <property key="enable-od" value="true"/>
        <property key="enable-om" value="true"/>
        <property key="enable-on" value="true"/>
        <property key="enable-op" value="true"/>
        <property key="enable-opa" value="true"/>
        <property key="enable-or" value="true"/>
        <property key="enable-os" value="true"/>
        <property key="enable-ot" value="true"/>
        <property key="enable-ou" value="true"/>
        <property key="enable-ow" value="true"/>
        <property key="extra-include-directories"
                  value="../../../../../../../../../MCC18/h;.."/>
        <property key="optimization-master" value="Custom"/>
        <property key="preprocessor-macros" value=""/>
        <property key="procedural-abstraction-passes" value="4"/>
        <property key="storage-class" value="scs"/>
        <property key="verbose" value="false"/>
        <property key="warning-level" value="2"/>
      </C18>
      <C18-AS>
        <property key="cross.reference.file" value=""/>
        <property key="default.radix" value="HEX"/>
        <property key="enable.case.sensitivity" value="true"/>
        <property key="hex.output.format" value="INHX32"/>
        <property key="preprocessor.macros" value=""/>
        <property key="warning.level" value="0"/>
        <appendMe value=" "/>
      </C18-AS>
      <C18-LD>
        <property key="cod-file" value="true"/>
        <property key="extra-lib-directories"
                  value="../../../../../../../../../MCC18/lib"/>
        <property key="hex-output-format" value="INHX32"/>
        <property key="map-file" value="&quot;$(BINDIR_)$(TARGETBASE).map&quot;"/>
      </C18-LD>
      <C18LanguageToolchain>
        <property key="extended-mode" value="false"/>
        <property key="extended-mode-mcc18" value="false"/>
        <property key="extended-mode-mpasm" value="false"/>
        <property key="extended-mode-mplink" value="false"/>
        <property key="stack-analysis" value="false"/>
        <property key="stack-analysis-mcc18" value="false"/>
        <property key="stack-analysis-mplink" value="false"/>
      </C18LanguageToolchain>
      <ICD3PlatformTool>
        <property key="tracecontrol.disablemacros" value="true"/>
        <property key="tracecontrol.medium" value="0"/>
        <property key="tracecontrol.select" value="0"/>
      </ICD3PlatformTool>
    </conf>
    <conf name="PIC18F45K50" type="2">
      <toolsSet>
        <developmentServer>localhost</developmentServer>
        <targetDevice>PIC18F45K50</targetDevice>
        <targetHeader></targetHeader>
        <targetPluginBoard></targetPluginBoard>
        <platformTool>ICD3PlatformTool</platformTool>
        <languageToolchain>C18</languageToolchain>
        <languageToolchainVersion>3.46</languageToolchainVersion>
        <platform>3</platform>
      </toolsSet>
      <compileType>
        <linkerTool>
          <linkerLibItems>
          </linkerLibItems>
        </linkerTool>
        <loading>
          <useAlternateLoadableFile>false</useAlternateLoadableFile>
          <alternateLoadableFile></alternateLoadableFile>
        </loading>
      </compileType>
      <makeCustomizationType>
        <makeCustomizationPreStepEnabled>false</makeCustomizationPreStepEnabled>
        <makeCustomizationPreStep></makeCustomizationPreStep>
        <makeCustomizationPostStepEnabled>false</makeCustomizationPostStepEnabled>
        <makeCustomizationPostStep></makeCustomizationPostStep>
        <makeCustomizationPutChecksumInUserID>false</makeCustomizationPutChecksumInUserID>
        <makeCustomizationEnableLongLines>false</makeCustomizationEnableLongLines>
        <makeCustomizationNormalizeHexFile>false</makeCustomizationNormalizeHexFile>
      </makeCustomizationType>
      <item path="../BootModified.18f14k50_g.lkr" ex="true" overriding="false">
        <C18>
        </C18>
        <C18-AS>
        </C18-AS>
        <C18-LD>
        </C18-LD>
        <C18LanguageToolchain>
        </C18LanguageToolchain>
      </item>
      <item path="../BootModified.18f4550_g.lkr" ex="true" overriding="false">
        <C18>
        </C18>
        <C18-AS>
        </C18-AS>
        <C18-LD>
        </C18-LD>
        <C18LanguageToolchain>
        </C18LanguageToolchain>
      </item>
      <C18>
        <property key="code-model" value="ms"/>
        <property key="data-model" value="oa-"/>
        <property key="default-char-unsigned" value="false"/>
        <property key="enable-all-optimizations" value="true"/>
        <property key="enable-int-promotion" value="false"/>
        <property key="enable-multi-bank-stack-model" value="false"/>
        <property key="enable-ob" value="true"/>
        <property key="enable-od" value="true"/>
        <property key="enable-om" value="true"/>
        <property key="enable-on" value="true"/>
        <property key="enable-op" value="true"/>
        <property key="enable-opa" value="true"/>
        <property key="enable-or" value="true"/>
        <property key="enable-os" value="true"/>
        <property key="enable-ot" value="true"/>
        <property key="enable-ou" value="true"/>
        <property key="enable-ow" value="true"/>
        <property key="extra-include-directories"
                  value="../../../../../../../../../MCC18/h;.."/>
        <property key="optimization-master" value="Custom"/>
        <property key="preprocessor-macros" value=""/>
        <property key="procedural-abstraction-passes" value="4"/>
        <property key="storage-class" value="scs"/>
        <property key="verbose" value="false"/>
        <property key="warning-level" value="2"/>
      </C18>
      <C18-AS>
        <property key="cross.reference.file" value=""/>
        <property key="default.radix" value="HEX"/>
        <property key="enable.case.sensitivity" value="true"/>
        <property key="hex.output.format" value="INHX32"/>
        <property key="preprocessor.macros" value=""/>
        <property key="warning.level" value="0"/>
        <appendMe value=" "/>
      </C18-AS>
      <C18-LD>
        <property key="cod-file" value="true"/>
        <property key="extra-lib-directories"
                  value="../../../../../../../../../MCC18/lib"/>
        <property key="hex-output-format" value="INHX32"/>
        <property key="map-file" value="&quot;$(BINDIR_)$(TARGETBASE).map&quot;"/>
      </C18-LD>
      <C18LanguageToolchain>
        <property key="extended-mode" value="false"/>
        <property key="extended-mode-mcc18" value="false"/>
        <property key="extended-mode-mpasm" value="false"/>
        <property key="extended-mode-mplink" value="false"/>
        <property key="stack-analysis" value="false"/>
        <property key="stack-analysis-mcc18" value="false"/>
        <property key="stack-analysis-mplink" value="false"/>
      </C18LanguageToolchain>
      <ICD3PlatformTool>
        <property key="tracecontrol.disablemacros" value="true"/>
        <property key="tracecontrol.medium" value="0"/>
        <property key="tracecontrol.select" value="0"/>
      </ICD3PlatformTool>
    </conf>
  </confs>
</configurationDescriptor>
